date,type,code,name,buyShares,buyPrice,sellShares,sellPrice,fee,tax,amount,cost,spend,income,note,person
1899/12/30,買,2845,遠東銀,3000,16.40,0,0,42,0,49200,42,49242,0,,alex
2007/1/1,買,2845,遠東銀,3000,18.60,0,0,48,0,55800,48,55848,0,,alex
2007/1/1,股利,2845,遠東銀,472,0,0,0,0,0,0,0,0,7500,,alex
2010/10/6,股利,2845,遠東銀,186,0,0,0,0,0,0,0,0,7500,,alex
2011/10/7,股利,2845,遠東銀,284,0,0,0,0,0,0,0,0,7500,,alex
2012/10/19,股利,2845,遠東銀,310,0,0,0,0,0,0,0,0,7500,,alex
2013/10/3,股利,2845,遠東銀,301,0,0,0,0,0,0,0,0,7500,,alex
2014/9/10,股利,2845,遠東銀,288,0,0,0,0,0,0,0,0,7500,,alex
2015/9/25,股利,2845,遠東銀,360,0,0,0,0,0,0,0,0,7500,,alex
2016/9/30,股利,2845,遠東銀,141,0,0,0,0,0,0,0,0,7500,,alex
2017/9/29,股利,2845,遠東銀,165,0,0,0,0,0,0,0,0,7500,,alex
2018/10/5,股利,2845,遠東銀,199,0,0,0,0,0,0,0,0,7500,,alex
2019/9/27,股利,2845,遠東銀,200,0,0,0,0,0,0,0,0,7500,,alex
2020/9/29,股利,2845,遠東銀,213,0,0,0,0,0,0,0,0,7500,,alex
2021/10/27,股利,2845,遠東銀,152,0,0,0,0,0,0,0,0,7500,,alex
2007/9/5,買,5487,通泰,3500,54.40,0,0,163,0,190400,163,190563,0,,alex
2009/10/19,買,2888,新光金,2000,14.40,0,0,25,0,28800,25,28825,0,,alex
2013/10/4,股利,2888,新光金,52,0,0,0,0,0,0,0,0,7500,,alex
2014/10/28,股利,2888,新光金,111,0,0,0,0,0,0,0,0,7500,,alex
2015/9/21,股利,2888,新光金,88,0,0,0,0,0,0,0,0,7500,,alex
2018/10/22,股利,2888,新光金,32,0,0,0,0,0,0,0,0,7500,,alex
2019/10/2,股利,2888,新光金,47,0,0,0,0,0,0,0,0,7500,,alex
2020/5/18,股利,2888,新光金,58,0,0,0,0,0,0,0,0,7500,,alex
2021/8/25,股利,2888,新光金,136,0,0,0,0,0,0,0,0,7500,,alex
2018/1/9,買,2353,宏碁,10000,25.70,0,0,220,0,257000,220,257220,0,,alex
2021/7/9,買,2353,宏碁,2000,28.70,0,0,49,0,57400,49,57449,0,,alex
2019/11/8,買,2888A,新光金甲特,10,45.00,0,0,20,0,450,20,470,0,,alex
2019/11/8,買,2888B,新光金乙特,30,45.00,0,0,20,0,1350,20,1370,0,,alex
2021/5/3,買,6770,力積電,2000,68.00,0,0,116,0,136000,116,136116,0,,alex
2021/8/10,買,6770,力積電,1000,69.50,0,0,59,0,69500,59,69559,0,,alex
2021/10/4,買,6770,力積電,2000,63.80,0,0,109,0,127600,109,127709,0,,alex
2021/12/9,買,6770,力積電,1000,70.90,0,0,61,0,70900,61,70961,0,,alex
2021/11/29,買,2707,晶華,1000,146.00,0,0,125,0,146000,125,146125,0,,alex
2021/4/21,買,1519,華城,1000,49.85,0,0,43,0,49850,43,49893,0,,alex
2021/8/4,買,1519,華城,2000,43.00,0,0,74,0,86000,74,86074,0,,alex
2021/8/13,買,1519,華城,1000,39.75,0,0,34,0,39750,34,39784,0,,alex
2021/11/12,買,1519,華城,1000,37.20,0,0,32,0,37200,32,37232,0,,alex
2021/11/26,買,1519,華城,1000,35.40,0,0,30,0,35400,30,35430,0,,alex
2021/4/16,買,2727,王品,1000,192.50,0,0,165,0,192500,165,192665,0,,alex
2021/5/3,買,2727,王品,1000,179.00,0,0,153,0,179000,153,179153,0,,alex
2021/7/26,買,2727,王品,1000,170.50,0,0,146,0,170500,146,170646,0,,alex
2021/7/27,買,2727,王品,1000,162.50,0,0,139,0,162500,139,162639,0,,alex
2021/12/17,賣,2707,晶華,0,0,1000,149.50,128,449,149500,576,0,148924,,alex
2021/12/27,賣,2353,宏碁,0,0,1000,29.95,26,90,29950,115,0,29835,,alex
2022/1/5,賣,2353,宏碁,0,0,1000,31.00,27,93,31000,120,0,30880,,alex
2022/1/26,買,6770,力積電,1000,63.90,0,0,55,0,63900,55,63955,0,,alex
2022/2/16,買,6770,力積電,1000,59.70,0,0,51,0,59700,51,59751,0,,alex
2022/4/7,賣,1519,華城,0,0,1000,44.30,38,133,44300,171,0,44129,,alex
2022/4/7,買,2353,宏碁,1000,28.90,0,0,25,0,28900,25,28925,0,,alex
2022/4/11,賣,1519,華城,0,0,1000,43.70,37,131,43700,168,0,43532,,alex
2022/4/12,買,1519,華城,1000,42.30,0,0,36,0,42300,36,42336,0,,alex
2022/4/20,買,1519,華城,1000,41.30,0,0,35,0,41300,35,41335,0,,alex
2022/4/22,買,1519,華城,1000,40.15,0,0,34,0,40150,34,40184,0,,alex
2022/4/25,買,1519,華城,1000,38.65,0,0,33,0,38650,33,38683,0,,alex
2022/4/26,買,2330,台積電,1000,544.00,0,0,465,0,544000,465,544465,0,,alex
2022/6/16,買,2353,宏碁,1000,27.00,0,0,23,0,27000,23,27023,0,,alex
2022/8/18,賣,1519,華城,0,0,1000,40.55,35,122,40550,156,0,40394,,alex
2022/8/24,賣,1519,華城,0,0,1000,40.00,34,120,40000,154,0,39846,,alex
2022/8/29,買,00885,富邦越南,10000,14.59,0,0,125,0,145900,125,146025,0,,alex
2022/9/12,買,9907,統一實,2000,20.40,0,0,35,0,40800,35,40835,0,,alex
2022/9/19,買,9907,統一實,2000,19.85,0,0,34,0,39700,34,39734,0,,alex
2022/9/22,買,9907,統一實,1000,19.05,0,0,20,0,19050,20,19070,0,,alex
2022/9/29,買,9907,統一實,1000,17.95,0,0,20,0,17950,20,17970,0,,alex
2022/12/6,賣,1519,華城,0,0,1000,48.70,42,146,48700,188,0,48512,,alex
2022/12/7,買,1218,泰山,3000,38.20,0,0,98,0,114600,98,114698,0,,alex
2022/12/16,買,1218,泰山,2000,37.00,0,0,63,0,74000,63,74063,0,,alex
2022/12/19,買,1218,泰山,1000,35.10,0,0,30,0,35100,30,35130,0,,alex
2022/12/20,買,5876,上海商銀,1000,37.00,0,0,32,0,37000,32,37032,0,,alex
2022/12/21,買,1218,泰山,1000,32.40,0,0,28,0,32400,28,32428,0,,alex
2022/12/28,賣,1519,華城,0,0,1000,49.30,42,148,49300,190,0,49110,,alex
2022/12/30,買,1519,華城,1000,48.55,0,0,42,0,48550,42,48592,0,,alex
2023/1/3,賣,1519,華城,0,0,1000,52.40,45,157,52400,202,0,52198,,alex
2023/1/4,賣,1519,華城,0,0,1000,55.10,47,165,55100,212,0,54888,,alex
2023/1/9,賣,2727,王品,0,0,1000,167.50,143,503,167500,646,0,166854,,alex
2023/1/11,賣,5876,上海商銀,0,0,1000,46.30,40,139,46300,178,0,46122,,alex
2023/1/12,買,1519,華城,1000,51.00,0,0,44,0,51000,44,51044,0,,alex
2023/1/30,賣,1519,華城,0,0,1000,54.50,47,164,54500,210,0,54290,,alex
2023/1/30,買,1218,泰山,1000,30.85,0,0,26,0,30850,26,30876,0,,alex
2023/1/31,賣,1519,華城,0,0,1000,56.60,48,170,56600,218,0,56382,,alex
2023/2/1,賣,2727,王品,0,0,1000,197.00,168,591,197000,759,0,196241,,alex
2023/2/1,買,9907,統一實,1000,17.70,0,0,20,0,17700,20,17720,0,,alex
2023/2/6,買,9907,統一實,1000,17.90,0,0,20,0,17900,20,17920,0,,alex
2023/2/8,賣,2727,王品,0,0,1000,201.00,172,603,201000,775,0,200225,,alex
2023/2/9,買,6770,力積電,1000,34.30,0,0,29,0,34300,29,34329,0,,alex
2023/2/14,賣,2727,王品,0,0,1000,213.00,182,639,213000,821,0,212179,,alex
2023/2/15,買,9907,統一實,1000,17.40,0,0,20,0,17400,20,17420,0,,alex
2023/2/20,買,1519,華城,1000,58.00,0,0,50,0,58000,50,58050,0,,alex
2023/2/21,賣,1519,華城,0,0,1000,60.20,51,181,60200,232,0,59968,,alex
2023/2/21,賣,1519,華城,0,0,1000,64.20,55,193,64200,247,0,63953,,alex
2023/2/21,賣,1519,華城,0,0,1000,64.40,55,193,64400,248,0,64152,,alex
2023/2/21,買,9907,統一實,1000,17.50,0,0,20,0,17500,20,17520,0,,alex
2023/2/22,買,2303,聯電,1000,49.45,0,0,42,0,49450,42,49492,0,,alex
2023/2/24,買,2618,長榮航,1000,28.35,0,0,24,0,28350,24,28374,0,,alex
2023/3/1,買,2618,長榮航,1000,28.00,0,0,24,0,28000,24,28024,0,,alex
2023/3/6,買,2610,華航,3000,20.35,0,0,52,0,61050,52,61102,0,,alex
2023/3/6,買,9907,統一實,1000,18.70,0,0,20,0,18700,20,18720,0,,alex
2023/3/6,賣,2303,聯電,0,0,1000,51.90,44,156,51900,200,0,51700,,alex
2023/3/9,買,9907,統一實,1000,19.15,0,0,20,0,19150,20,19170,0,,alex
2023/3/10,買,1218,泰山,1000,29.90,0,0,26,0,29900,26,29926,0,,alex
2023/3/10,買,2498,宏達電,1000,62.00,0,0,53,0,62000,53,62053,0,,alex
2023/3/10,買,2618,長榮航,1000,27.85,0,0,24,0,27850,24,27874,0,,alex
2023/3/13,買,1519,華城,1000,66.80,0,0,57,0,66800,57,66857,0,,alex
2023/3/13,買,6770,力積電,1000,33.85,0,0,29,0,33850,29,33879,0,,alex
2023/3/15,買,2618,長榮航,1000,26.80,0,0,23,0,26800,23,26823,0,,alex
2023/3/15,買,9907,統一實,1000,18.85,0,0,20,0,18850,20,18870,0,,alex
2023/3/20,賣,1519,華城,0,0,1000,69.00,59,207,69000,266,0,68734,,alex
2023/3/21,買,2618,長榮航,1000,26.20,0,0,22,0,26200,22,26222,0,,alex
2023/3/24,買,2498,宏達電,1000,63.80,0,0,55,0,63800,55,63855,0,,alex
2023/3/28,買,2498,宏達電,1000,61.90,0,0,53,0,61900,53,61953,0,,alex
2023/4/6,買,1218,泰山,1000,29.65,0,0,25,0,29650,25,29675,0,,alex
2023/4/6,賣,2845,遠東銀,0,0,4000,11.15,38,134,44600,172,0,44428,,alex
2023/4/6,賣,2845,遠東銀,0,0,2000,11.20,20,67,22400,87,0,22313,,alex
2023/4/17,賣,9907,統一實,0,0,2000,20.60,35,124,41200,159,0,41041,,alex
2023/4/20,買,2498,宏達電,1000,60.80,0,0,52,0,60800,52,60852,0,,alex
2023/4/25,買,2498,宏達電,1000,56.10,0,0,48,0,56100,48,56148,0,,alex
2023/5/8,賣,1218,泰山,0,0,1000,32.75,28,98,32750,126,0,32624,,alex
2023/5/18,賣,2498,宏達電,0,0,1000,59.50,51,179,59500,229,0,59271,,alex
2023/5/18,賣,2618,長榮航,0,0,1000,28.25,24,85,28250,109,0,28141,,alex
2023/5/19,賣,2618,長榮航,0,0,1000,29.55,25,89,29550,114,0,29436,,alex
2023/5/19,賣,2353,宏碁,0,0,1000,30.60,26,92,30600,118,0,30482,,alex
2023/5/19,買,2303,聯電,1000,49.95,0,0,43,0,49950,43,49993,0,,alex
2023/5/22,賣,2618,長榮航,0,0,1000,30.50,26,92,30500,118,0,30382,,alex
2023/5/23,買,2941,(未知),1000,57.50,0,0,49,0,57500,49,57549,0,,alex
2023/5/25,買,2303,聯電,1000,48.90,0,0,42,0,48900,42,48942,0,,alex
2023/5/26,賣,2618,長榮航,0,0,1000,32.35,28,97,32350,125,0,32225,,alex
2023/5/31,買,1218,泰山,1000,31.90,0,0,27,0,31900,27,31927,0,,alex
2023/6/1,買,2618,長榮航,1000,34.45,0,0,29,0,34450,29,34479,0,,alex
2023/6/1,賣,2618,長榮航,0,0,1000,35.05,30,105,35050,135,0,34915,,alex
2023/6/1,賣,2610,華航,0,0,1000,22.60,20,68,22600,88,0,22512,,alex
2023/6/2,賣,2618,長榮航,0,0,1000,36.60,31,110,36600,141,0,36459,,alex
2023/6/2,賣,2353,宏碁,0,0,1000,32.00,27,96,32000,123,0,31877,,alex
2023/6/2,賣,2353,宏碁,0,0,1000,33.90,29,102,33900,131,0,33769,,alex
2023/6/8,買,1218,泰山,1000,30.45,0,0,26,0,30450,26,30476,0,,alex
2023/6/8,賣,2303,聯電,0,0,1000,51.70,44,155,51700,199,0,51501,,alex
2023/6/9,賣,2303,聯電,0,0,1000,52.30,45,157,52300,202,0,52098,,alex
2023/6/13,買,1218,泰山,1000,29.90,0,0,26,0,29900,26,29926,0,,alex
2023/6/14,賣,2610,華航,0,0,1000,23.30,20,70,23300,90,0,23210,,alex
2023/6/14,賣,2610,華航,0,0,1000,23.70,20,71,23700,91,0,23609,,alex
2023/6/27,買,6176,瑞儀,2000,109.50,0,0,187,0,219000,187,219187,0,,alex
2023/7/3,買,2303,聯電,2000,48.30,0,0,83,0,96600,83,96683,0,,alex
2023/7/13,賣,1218,泰山,0,0,12000,24.70,253,889,296400,1143,0,295257,,alex
2023/7/17,買,9907,統一實,1000,18.05,0,0,20,0,18050,20,18070,0,,alex
2023/7/17,賣,2353,宏碁,0,0,1000,36.10,31,108,36100,139,0,35961,,alex
2023/7/18,買,2498,宏達電,1000,57.50,0,0,49,0,57500,49,57549,0,,alex
2023/8/2,買,2498,宏達電,2000,53.40,0,0,91,0,106800,91,106891,0,,alex
2023/8/2,賣,2941,(未知),0,0,1000,82.10,70,246,82100,316,0,81784,,alex
2023/8/9,買,9907,統一實,1000,17.50,0,0,20,0,17500,20,17520,0,,alex
2023/8/9,賣,2353,宏碁,0,0,1000,37.30,32,112,37300,144,0,37156,,alex
2023/8/14,買,9907,統一實,1000,16.50,0,0,20,0,16500,20,16520,0,,alex
2023/8/17,賣,2353,宏碁,0,0,1000,38.55,33,116,38550,149,0,38401,,alex
2023/8/21,買,6176,瑞儀,1000,113.50,0,0,97,0,113500,97,113597,0,,alex
2023/9/12,買,6176,瑞儀,3000,125.50,0,0,322,0,376500,322,376822,0,,alex
2023/9/12,賣,6176,瑞儀,0,0,3000,127.00,326,1143,381000,1469,0,379531,,alex
2023/9/25,買,6798,展逸,1000,69.60,0,0,60,0,69600,60,69660,0,,alex
2023/9/25,買,6798,展逸,2000,69.60,0,0,119,0,139200,119,139319,0,,alex
2023/10/16,買,2303,聯電,1000,47.45,0,0,41,0,47450,41,47491,0,,alex
2023/10/16,買,9907,統一實,1000,16.10,0,0,20,0,16100,20,16120,0,,alex
2023/10/24,買,2468,華經,2000,30.15,0,0,52,0,60300,52,60352,0,,alex
2023/10/24,買,2468,華經,2000,30.10,0,0,51,0,60200,51,60251,0,,alex
2023/10/24,賣,6176,瑞儀,0,0,1000,127.50,109,383,127500,492,0,127008,,alex
2023/10/31,買,2884,玉山金,2000,23.80,0,0,41,0,47600,41,47641,0,,alex
2023/11/1,賣,6176,瑞儀,0,0,1000,124.50,106,374,124500,480,0,124020,,alex
2023/11/3,賣,2303,聯電,0,0,2000,49.20,84,295,98400,379,0,98021,,alex
2023/11/7,賣,2303,聯電,0,0,1000,49.20,42,148,49200,190,0,49010,,alex
2023/11/7,買,2468,華經,1000,29.00,0,0,25,0,29000,25,29025,0,,alex
2023/11/9,賣,2330,台積電,0,0,1000,555.00,475,1665,555000,2140,0,552860,,alex
2023/11/15,買,9907,統一實,1000,15.80,0,0,20,0,15800,20,15820,0,,alex
2023/11/21,買,6798,展逸,1000,65.00,0,0,56,0,65000,56,65056,0,,alex
2023/11/23,賣,6176,瑞儀,0,0,1000,131.00,112,393,131000,505,0,130495,,alex
2023/11/27,賣,2884,玉山金,0,0,1000,25.55,22,77,25550,98,0,25452,,alex
2023/12/1,賣,2468,華經,0,0,2000,31.05,53,186,62100,239,0,61861,,alex
2023/12/4,賣,2845,遠東銀,0,0,1000,12.05,20,36,12050,56,0,11994,,alex
2023/12/4,賣,2888,新光金,0,0,2000,8.96,20,54,17920,74,0,17846,,alex
2023/12/8,賣,2845,遠東銀,0,0,1000,12.45,20,37,12450,57,0,12393,,alex
2023/12/11,賣,2845,遠東銀,0,0,1000,12.50,20,38,12500,58,0,12443,,alex
2023/12/11,賣,2845,遠東銀,0,0,199,12.45,20,7,2478,27,0,2450,,alex
2023/12/11,賣,2888,新光金,0,0,524,8.71,20,14,4564,34,0,4530,,alex
2023/12/12,買,2468,華經,2000,31.65,0,0,54,0,63300,54,63354,0,,alex
2023/12/13,買,2468,華經,1000,30.85,0,0,26,0,30850,26,30876,0,,alex
2023/12/14,賣,2884,玉山金,0,0,1000,25.70,22,77,25700,99,0,25601,,alex
2023/12/14,賣,2888A,新光金甲特,0,0,10,29.00,20,1,290,21,0,269,,alex
2023/12/14,賣,2888B,新光金乙特,0,0,30,29.05,20,3,872,23,0,849,,alex
2023/12/20,賣,2353,宏碁,0,0,1000,42.15,36,126,42150,162,0,41988,,alex
2023/12/20,賣,2353,宏碁,0,0,1000,44.75,38,134,44750,173,0,44577,,alex
2023/12/20,買,00642U,元大S&P石油,6000,16.15,0,0,83,0,96900,83,96983,0,,alex
2023/12/28,買,2023,燁輝,2000,17.85,0,0,31,0,35700,31,35731,0,,alex
2023/12/28,賣,2353,宏碁,0,0,1000,55.00,47,165,55000,212,0,54788,,alex
2023/12/29,買,00642U,元大S&P石油,4000,15.65,0,0,54,0,62600,54,62654,0,,alex
2024/1/4,買,2353,宏碁,2000,49.30,0,0,84,0,98600,84,98684,0,,alex
2024/1/5,賣,2353,宏碁,0,0,5000,49.50,212,743,247500,954,0,246546,,alex
2024/1/15,買,2468,華經,1000,29.00,0,0,25,0,29000,25,29025,0,,alex
2024/1/18,買,2468,華經,1000,27.35,0,0,23,0,27350,23,27373,0,,alex
2024/1/18,買,9907,統一實,1000,15.25,0,0,20,0,15250,20,15270,0,,alex
2024/1/31,賣,5487,通泰,0,0,1000,31.35,27,94,31350,121,0,31229,,alex
2024/2/1,賣,5487,通泰,0,0,1000,34.45,29,103,34450,133,0,34317,,alex
2024/2/26,買,3691,碩禾,4000,109.50,0,0,374,0,438000,374,438374,0,,alex
2024/3/7,賣,5487,通泰,0,0,1000,34.20,29,103,34200,132,0,34068,,alex
2024/3/15,買,3691,碩禾,1000,115.00,0,0,98,0,115000,98,115098,0,,alex
2024/3/18,買,3691,碩禾,1000,112.00,0,0,96,0,112000,96,112096,0,,alex
2024/3/19,買,1504,東元,5000,54.90,0,0,235,0,274500,235,274735,0,,alex
2024/3/19,買,6798,展逸,1000,56.80,0,0,49,0,56800,49,56849,0,,alex
2024/3/20,賣,00642U,元大S&P石油,0,0,10000,18.21,156,546,182100,702,0,181398,,alex
2024/3/26,賣,1504,東元,0,0,1000,57.20,49,172,57200,221,0,56979,,alex
2024/3/26,賣,1504,東元,0,0,3000,55.50,142,500,166500,642,0,165858,,alex
2024/3/26,賣,3691,碩禾,0,0,1000,121.00,103,363,121000,466,0,120534,,alex
2024/3/28,賣,1504,東元,0,0,1000,57.50,49,173,57500,222,0,57278,,alex
2024/4/3,買,1802,台玻,4000,17.65,0,0,60,0,70600,60,70660,0,,alex
2024/4/9,賣,3691,碩禾,0,0,1000,125.00,107,375,125000,482,0,124518,,alex
2024/4/11,賣,3691,碩禾,0,0,1000,143.00,122,429,143000,551,0,142449,,alex
2024/4/16,買,1504,東元,2000,56.50,0,0,97,0,113000,97,113097,0,,alex
2024/4/17,賣,1504,東元,0,0,2000,59.30,101,356,118600,457,0,118143,,alex
2024/4/19,買,3691,碩禾,1000,146.50,0,0,125,0,146500,125,146625,0,,alex
2024/4/22,賣,3691,碩禾,0,0,1000,149.50,128,449,149500,576,0,148924,,alex
2024/4/23,買,3691,碩禾,1000,144.00,0,0,123,0,144000,123,144123,0,,alex
2024/4/23,買,8085,福華,1000,66.00,0,0,56,0,66000,56,66056,0,,alex
2024/4/24,賣,3691,碩禾,0,0,1000,151.00,129,453,151000,582,0,150418,,alex
2024/5/8,賣,8085,福華,0,0,1000,70.00,60,210,70000,270,0,69730,,alex
2024/5/10,買,1504,東元,2000,55.00,0,0,94,0,110000,94,110094,0,,alex
2024/5/13,買,3691,碩禾,1000,165.00,0,0,141,0,165000,141,165141,0,,alex
2024/5/21,買,1504,東元,1000,53.90,0,0,46,0,53900,46,53946,0,,alex
2024/5/27,買,8085,福華,1000,65.60,0,0,56,0,65600,56,65656,0,,alex
2024/5/30,賣,8085,福華,0,0,1000,69.90,60,210,69900,269,0,69631,,alex
2024/5/31,賣,5487,通泰,0,0,500,35.10,20,53,17550,73,0,17477,,alex
2024/5/31,賣,1504,東元,0,0,1000,55.90,48,168,55900,215,0,55685,,alex
2024/6/3,賣,1802,台玻,0,0,2000,19.00,32,114,38000,146,0,37854,,alex
2024/6/7,賣,1504,東元,0,0,2000,58.00,99,348,116000,447,0,115553,,alex
2024/6/7,賣,1802,台玻,0,0,2000,19.60,34,118,39200,151,0,39049,,alex
2024/6/12,買,3691,碩禾,1000,124.00,0,0,106,0,124000,106,124106,0,,alex
2024/6/17,買,1504,東元,2000,57.40,0,0,98,0,114800,98,114898,0,,alex
2024/6/18,買,1504,東元,2000,54.90,0,0,94,0,109800,94,109894,0,,alex
2024/6/18,賣,3691,碩禾,0,0,1000,132.00,113,396,132000,509,0,131491,,alex
2024/6/19,買,1504,東元,1000,53.30,0,0,46,0,53300,46,53346,0,,alex
2024/6/20,買,2353,宏碁,2000,47.95,0,0,82,0,95900,82,95982,0,,alex
2024/6/24,買,1504,東元,1000,53.00,0,0,45,0,53000,45,53045,0,,alex
2024/6/28,買,4571,鈞興-KY,1000,127.50,0,0,109,0,127500,109,127609,0,,alex
2024/7/1,買,4571,鈞興-KY,1000,125.00,0,0,107,0,125000,107,125107,0,,alex
2024/7/5,賣,4571,鈞興-KY,0,0,2000,131.00,224,786,262000,1010,0,260990,,alex
2024/7/5,買,8085,福華,2000,67.00,0,0,115,0,134000,115,134115,0,,alex
2024/7/8,買,8085,福華,2000,61.70,0,0,106,0,123400,106,123506,0,,alex
2024/7/10,賣,8085,福華,0,0,2000,66.00,113,396,132000,509,0,131491,,alex
2024/7/10,賣,8085,福華,0,0,1000,68.30,58,205,68300,263,0,68037,,alex
2024/7/11,買,1504,東元,1000,51.60,0,0,44,0,51600,44,51644,0,,alex
2024/7/16,買,8085,福華,1000,68.60,0,0,59,0,68600,59,68659,0,,alex
2024/7/19,買,4571,鈞興-KY,1000,133.50,0,0,114,0,133500,114,133614,0,,alex
2024/7/31,買,2382,廣達,1000,278.50,0,0,238,0,278500,238,278738,0,,alex
2024/9/2,賣,4571,鈞興-KY,0,0,1000,156.00,133,468,156000,601,0,155399,,alex
2024/10/14,賣,2382,廣達,0,0,1000,283.00,242,849,283000,1091,0,281909,,alex
2024/10/21,賣,8085,福華,0,0,2000,36.60,63,220,73200,282,0,72918,,alex
2025/1/7,買,00885,富邦越南,5000,11.57,0,0,49,0,57850,49,57899,0,,alex
2025/2/4,買,6136,富爾特,5000,23.15,0,0,99,0,115750,99,115849,0,,alex
2025/2/24,賣,2468,華經,0,0,1000,40.05,34,120,40050,154,0,39896,,alex
2025/2/24,賣,6136,富爾特,0,0,5000,25.50,109,383,127500,492,0,127008,,alex
2025/3/7,賣,2468,華經,0,0,1000,41.00,35,123,41000,158,0,40842,,alex
2025/3/7,買,2317,鴻海,1000,173.00,0,0,148,0,173000,148,173148,0,,alex
2025/3/10,賣,2468,華經,0,0,1000,43.20,37,130,43200,167,0,43033,,alex
2025/3/11,買,1101,台泥,2000,34.35,0,0,59,0,68700,59,68759,0,,alex
2025/3/14,買,1101,台泥,2000,33.35,0,0,57,0,66700,57,66757,0,,alex
2025/3/21,賣,2468,華經,0,0,1000,49.00,42,147,49000,189,0,48811,,alex
2025/3/24,買,1504,東元,1000,50.30,0,0,43,0,50300,43,50343,0,,alex
2025/3/24,賣,2468,華經,0,0,1000,53.90,46,162,53900,208,0,53692,,alex
2025/3/25,賣,2468,華經,0,0,1000,59.20,51,178,59200,228,0,58972,,alex
2025/3/26,賣,2468,華經,0,0,1000,65.10,56,195,65100,251,0,64849,,alex
2025/3/28,賣,2468,華經,0,0,1000,59.20,51,178,59200,228,0,58972,,alex
2025/4/8,買,1101,台泥,2000,29.00,0,0,50,0,58000,50,58050,0,,alex
2025/4/8,買,6136,富爾特,2000,22.05,0,0,38,0,44100,38,44138,0,,alex
2025/4/10,賣,6136,富爾特,0,0,2000,23.30,40,140,46600,180,0,46420,,alex
2025/8/22,賣,1504,東元,0,0,1000,70.10,60,210,70100,270,0,69830,,alex
2025/8/25,賣,1504,東元,0,0,1000,74.20,63,223,74200,286,0,73914,,alex
2025/8/26,買,1504,東元,1000,70.10,0,0,60,0,70100,60,70160,0,,alex
2025/8/27,賣,1504,東元,0,0,1000,71.40,61,214,71400,275,0,71125,,alex
2025/8/28,買,1504,東元,1000,68.50,0,0,59,0,68500,59,68559,0,,alex
2025/9/2,賣,00885,富邦越南,0,0,3000,16.24,42,146,48720,188,0,48532,,alex
2025/9/3,賣,00885,富邦越南,0,0,1000,16.30,20,49,16300,69,0,16231,,alex
2025/9/4,買,2498,宏達電,1000,72.00,0,0,62,0,72000,62,72062,0,,alex
2025/9/4,賣,2498,宏達電,0,0,1000,74.60,64,224,74600,288,0,74312,,alex
2025/9/5,賣,00885,富邦越南,0,0,1000,16.45,20,49,16450,69,0,16381,,alex
2025/9/8,賣,1504,東元,0,0,1000,71.50,61,215,71500,276,0,71224,,alex
2025/9/9,買,1504,東元,1000,78.40,0,0,67,0,78400,67,78467,0,,alex
2025/9/9,賣,1504,東元,0,0,1000,79.60,68,239,79600,307,0,79293,,alex
2025/9/9,賣,1504,東元,0,0,1000,79.60,68,239,79600,307,0,79293,,alex
2025/9/9,賣,1504,東元,0,0,1000,79.20,68,238,79200,305,0,78895,,alex
2025/9/9,賣,2498,宏達電,0,0,1000,67.10,57,201,67100,259,0,66841,,alex
2025/9/10,賣,1504,東元,0,0,1000,86.00,74,258,86000,332,0,85668,,alex
2025/9/10,賣,1504,東元,0,0,1000,87.50,75,263,87500,337,0,87163,,alex
2025/9/12,賣,1504,東元,0,0,2000,90.70,155,544,181400,699,0,180701,,alex
2025/9/16,買,1504,東元,1000,86.00,0,0,74,0,86000,74,86074,0,,alex
2025/9/17,賣,1504,東元,0,0,1000,86.40,74,259,86400,333,0,86067,,alex
2025/9/24,賣,2498,宏達電,0,0,1000,63.60,54,191,63600,245,0,63355,,alex
2025/9/26,賣,2498,宏達電,0,0,1000,60.80,52,182,60800,234,0,60566,,alex
2025/9/26,買,1504,東元,1000,97.10,0,0,83,0,97100,83,97183,0,,alex
2025/9/30,賣,00885,富邦越南,0,0,2000,16.30,28,98,32600,126,0,32474,,alex
2025/10/1,賣,1504,東元,0,0,1000,104.50,89,314,104500,403,0,104097,,alex
2025/10/14,賣,00885,富邦越南,0,0,2000,18.00,31,108,36000,139,0,35861,,alex
2025/10/20,買,00679B,元大美債20年,2000,27.51,0,0,47,0,55020,47,55067,0,,alex
2025/11/4,賣,9907,統一實,0,0,1000,18.60,20,56,18600,76,0,18524,,alex
2025/11/5,賣,2317,鴻海,0,0,1000,238.50,204,716,238500,919,0,237581,,alex
2025/11/14,買,1504,東元,1000,99.60,0,0,85,0,99600,85,99685,0,,alex
2025/12/24,賣,00885,富邦越南,0,0,1000,18.20,20,55,18200,75,0,18125,,alex
2025/12/31,賣,6770,力積電,0,0,2000,40.60,69,244,81200,313,0,80887,,alex
2026/1/6,賣,00885,富邦越南,0,0,1000,18.30,20,55,18300,75,0,18225,,alex
2026/1/7,買,8422,可寧衛,1000,32.70,0,0,28,0,32700,28,32728,0,,alex
2026/1/7,賣,8422,可寧衛,0,0,1000,34.90,30,105,34900,135,0,34765,,alex
2026/1/8,賣,00885,富邦越南,0,0,1000,18.90,20,57,18900,77,0,18823,,alex
2026/1/8,買,2498,宏達電,1000,47.35,0,0,40,0,47350,40,47390,0,,alex
2026/1/8,賣,9907,統一實,0,0,1000,18.70,20,56,18700,76,0,18624,,alex
2026/1/12,買,2498,宏達電,1000,46.35,0,0,40,0,46350,40,46390,0,,alex
2026/1/13,賣,00885,富邦越南,0,0,1000,19.10,20,57,19100,77,0,19023,,alex
2026/1/13,買,2498,宏達電,1000,45.35,0,0,39,0,45350,39,45389,0,,alex
2026/1/19,買,3491,昇達科,100,917.00,0,0,78,0,91700,78,91778,0,,alex
2026/1/20,買,3491,昇達科,100,899.00,0,0,77,0,89900,77,89977,0,,alex
2026/1/22,賣,2498,宏達電,0,0,1000,48.00,41,144,48000,185,0,47815,,alex
2026/1/26,買,8422,可寧衛,2000,39.80,0,0,68,0,79600,68,79668,0,,alex
2026/1/27,買,3491,昇達科,100,1090.00,0,0,93,0,109000,93,109093,0,,alex
2026/1/27,買,3491,昇達科,100,1090.00,0,0,93,0,109000,93,109093,0,,alex
2026/2/5,賣,6770,力積電,0,0,1000,64.20,55,193,64200,247,0,63953,,alex
2026/2/5,賣,3491,昇達科,0,0,200,1355.00,232,813,271000,1045,0,269955,,alex
2026/2/10,賣,00885,富邦越南,0,0,2000,17.60,30,106,35200,136,0,35064,,alex
2026/2/10,賣,3491,昇達科,0,0,200,1300.00,222,780,260000,1002,0,258998,,alex
2026/2/24,賣,6770,力積電,0,0,1000,73.70,63,221,73700,284,0,73416,,alex
2026/3/4,買,3491,昇達科,100,1530.00,0,0,131,0,153000,131,153131,0,,alex
2026/3/6,賣,3491,昇達科,0,0,100,1300.00,111,390,130000,501,0,129499,,alex
2026/3/9,買,1504,東元,1000,68.10,0,0,58,0,68100,58,68158,0,,alex
2026/3/9,買,2330,台積電,100,1800.00,0,0,154,0,180000,154,180154,0,,alex
2026/3/9,買,3691,碩禾,1000,111.50,0,0,95,0,111500,95,111595,0,,alex
2026/3/9,買,6770,力積電,1000,58.90,0,0,50,0,58900,50,58950,0,,alex
2026/3/10,買,3491,昇達科,100,1260.00,0,0,108,0,126000,108,126108,0,,alex
2026/3/10,賣,6770,力積電,0,0,1000,63.80,55,191,63800,246,0,63554,,alex
2026/3/10,賣,1504,東元,0,0,1000,70.30,60,211,70300,271,0,70029,,alex
2026/3/11,買,2891,中信金,2000,51.60,0,0,88,0,103200,88,103288,0,,alex
2026/3/12,買,2317,鴻海,1000,216.50,0,0,185,0,216500,185,216685,0,,alex
2026/3/12,賣,2330,台積電,0,0,100,1895.00,162,569,189500,731,0,188769,,alex
2026/3/12,賣,3691,碩禾,0,0,1000,117.50,100,353,117500,453,0,117047,,alex
2026/3/12,賣,3691,碩禾,0,0,1000,115.50,99,347,115500,445,0,115055,,alex
2026/3/12,賣,6770,力積電,0,0,1000,64.80,55,194,64800,250,0,64550,,alex
2026/3/13,買,6770,力積電,1000,63.90,0,0,55,0,63900,55,63955,0,,alex
2026/3/17,買,2317,鴻海,1000,214.00,0,0,183,0,214000,183,214183,0,,alex
2026/3/17,賣,3691,碩禾,0,0,1000,120.00,103,360,120000,463,0,119537,,alex
2026/3/17,賣,2891,中信金,0,0,2000,53.20,91,319,106400,410,0,105990,,alex
2026/3/19,買,2317,鴻海,1000,205.00,0,0,175,0,205000,175,205175,0,,alex
2026/3/23,買,2317,鴻海,1000,196.00,0,0,168,0,196000,168,196168,0,,alex
2026/3/24,買,8422,可寧衛,2000,29.15,0,0,50,0,58300,50,58350,0,,alex
2021/5/3,買,6770,力積電,1000,68.10,0,0,58,0,68100,58,68158,0,,mark
2021/10/4,買,6770,力積電,1000,64.00,0,0,55,0,64000,55,64055,0,,mark
2022/2/18,買,6770,力積電,1000,59.00,0,0,50,0,59000,50,59050,0,,mark
2022/2/22,買,6770,力積電,1000,57.50,0,0,49,0,57500,49,57549,0,,mark
2022/2/24,賣,6770,力積電,0,0,1000,73.70,63,221,73700,284,0,73416,,mark
2022/3/17,賣,6770,力積電,0,0,1000,71.70,61,215,71700,276,0,71424,,mark
2023/3/28,買,2498,宏達電,1000,62.00,0,0,53,0,62000,53,62053,0,,mark
2026/1/19,買,3491,昇達科,200,915.00,0,0,266,0,183000,266,183266,0,,mark
2026/1/27,買,3491,昇達科,100,1090.00,0,0,93,0,109000,93,109093,0,,mark
2026/3/4,賣,3491,昇達科,0,0,100,1895.00,162,569,189500,731,0,188769,,mark
2026/3/4,買,3491,昇達科,100,1530.00,0,0,131,0,153000,131,153131,0,,mark
2026/3/17,買,2317,鴻海,500,214.00,0,0,91,0,107000,91,107091,0,,mark
